Workbook

Sheet TAx4 GPS NED (Kido)
G1: From GPS (Kido, Okuda) | K1: CLF coords (Kido, Okuda) | N1: CLF coords (NED) | Q1: From USGS NED (NED) | U1: Difference
F2: ARRAY | G2: site | H2: lat | I2: lon | J2: h0 | K2: east (m) | L2: north (m) | M2: up (m) | N2: east (m) | O2: north (m) | P2: up (m) | Q2: ned | R2: ortho | S2: SD h | T2: h' | U2: h-h' | V2: Z | W2: |Z|>3 | X2: h_pred | Y2: delta
A3: {=LOOKUP(1,1/FREQUENCY(0,MMULT((TA_AllSites_20220124!$A$2:$B$1397-$H3:$I3)^2,{1;1})),TA_AllSites_20220124!$C$2:$C$1397)} -> #N/A | B3: {=LOOKUP(1,1/FREQUENCY(0,SIN((RADIANS(TA_AllSites_20220124!$A$2:$A$1397-$H3))/2)^2+SIN((RADIANS(TA_AllSites_20220124!$B$2:$B$1397-$I3))/2)^2*COS(RADIANS(TA_AllSites_20220124!$A$2:$A$1397))*COS(RADIANS($H3))),TA_AllSites_20220124!$A$2:$A$1397)} -> 39.29693 | C3: {=LOOKUP(1,1/FREQUENCY(0,SIN((RADIANS(TA_AllSites_20220124!$A$2:$A$1397-$H3))/2)^2+SIN((RADIANS(TA_AllSites_20220124!$B$2:$B$1397-$I3))/2)^2*COS(RADIANS(TA_AllSites_20220124!$A$2:$A$1397))*COS(RADIANS($H3))),TA_AllSites_20220124!$B$2:$B$1397)} -> -112.90875 | F3: TA | G3: 106 | H3: 39.184032 | I3: -113.06582 | J3: 1513.52 | K3: -13575.37 | L3: -12523.793 | M3: 116.724 | N3: -13575.363 | O3: -12523.787 | P3: 113.614 | Q3: 1529.48 | R3: -20.072 | S3: 0.89 | T3: =Q3+R3+S3 -> 1510.298 | U3: =$J3-$T3 -> 3.222 | V3: =($U3-$AC$4)/$AC$7 -> -1.6728858 | W3: =if(abs($V3)>3,"✔","") | X3: =$J3-$AC$4 -> 1508.968 | Y3: =T3-X3 -> 1.33 | AA3: Stats | AB3: Q1 | AC3: =quartile($U$3:$U$838,1) -> 3.999 | AE3: Stats | AF3: Q1 | AG3: =quartile($Y$3:$Y$838,1) -> -0.5195
A4: {=LOOKUP(1,1/FREQUENCY(0,SIN((RADIANS(TA_AllSites_20220124!$A$2:$A$1397-$H4))/2)^2+SIN((RADIANS(TA_AllSites_20220124!$B$2:$B$1397-$I4))/2)^2*COS(RADIANS(TA_AllSites_20220124!$A$2:$A$1397))*COS(RADIANS($H4))),TA_AllSites_20220124!$C$2:$C$1397)} -> CLF | B4: {=LOOKUP(1,1/FREQUENCY(0,SIN((RADIANS(TA_AllSites_20220124!$A$2:$A$1397-$H4))/2)^2+SIN((RADIANS(TA_AllSites_20220124!$B$2:$B$1397-$I4))/2)^2*COS(RADIANS(TA_AllSites_20220124!$A$2:$A$1397))*COS(RADIANS($H4))),TA_AllSites_20220124!$A$2:$A$1397)} -> 39.29693 | C4: {=LOOKUP(1,1/FREQUENCY(0,SIN((RADIANS(TA_AllSites_20220124!$A$2:$A$1397-$H4))/2)^2+SIN((RADIANS(TA_AllSites_20220124!$B$2:$B$1397-$I4))/2)^2*COS(RADIANS(TA_AllSites_20220124!$A$2:$A$1397))*COS(RADIANS($H4))),TA_AllSites_20220124!$B$2:$B$1397)} -> -112.90875 | F4: TA | G4: 107 | H4: 39.195007 | I4: -113.06521 | J4: 1496.78 | K4: -13521.205 | L4: -11305.133 | M4: 102.381 | N4: -13521.195 | O4: -11305.125 | P4: 97.831 | Q4: 1511.28 | R4: -20.055 | S4: 0.89 | T4: =Q4+R4+S4 -> 1492.115 | U4: =$J4-$T4 -> 4.665 | V4: =($U4-$AC$4)/$AC$7 -> 0.1421324 | W4: =if(abs($V4)>3,"✔","") | X4: =$J4-$AC$4 -> 1492.228 | Y4: =T4-X4 -> -0.113 | AB4: Q2 | AC4: =quartile($U$3:$U$838,2) -> 4.552 | AF4: Q2 | AG4: =quartile($Y$3:$Y$838,2) -> 0
A5: {=LOOKUP(1,1/FREQUENCY(0,SIN((RADIANS(TA_AllSites_20220124!$A$2:$A$1397-$H5))/2)^2+SIN((RADIANS(TA_AllSites_20220124!$B$2:$B$1397-$I5))/2)^2*COS(RADIANS(TA_AllSites_20220124!$A$2:$A$1397))*COS(RADIANS($H5))),TA_AllSites_20220124!$C$2:$C$1397)} -> CLF | B5: {=LOOKUP(1,1/FREQUENCY(0,SIN((RADIANS(TA_AllSites_20220124!$A$2:$A$1397-$H5))/2)^2+SIN((RADIANS(TA_AllSites_20220124!$B$2:$B$1397-$I5))/2)^2*COS(RADIANS(TA_AllSites_20220124!$A$2:$A$1397))*COS(RADIANS($H5))),TA_AllSites_20220124!$A$2:$A$1397)} -> 39.29693 | C5: {=LOOKUP(1,1/FREQUENCY(0,SIN((RADIANS(TA_AllSites_20220124!$A$2:$A$1397-$H5))/2)^2+SIN((RADIANS(TA_AllSites_20220124!$B$2:$B$1397-$I5))/2)^2*COS(RADIANS(TA_AllSites_20220124!$A$2:$A$1397))*COS(RADIANS($H5))),TA_AllSites_20220124!$B$2:$B$1397)} -> -112.90875 | F5: TA | G5: 108 | H5: 39.20562 | I5: -113.06496 | J5: 1487.35 | K5: -13497.552 | L5: -10126.633 | M5: 94.986 | N5: -13497.543 | O5: -10126.627 | P5: 90.686 | Q5: 1502.09 | R5: -20.04 | S5: 0.89 | T5: =Q5+R5+S5 -> 1482.94 | U5: =$J5-$T5 -> 4.41 | V5: =($U5-$AC$4)/$AC$7 -> -0.17860886 | W5: =if(abs($V5)>3,"✔","") | X5: =$J5-$AC$4 -> 1482.798 | Y5: =T5-X5 -> 0.142 | AB5: Q3 | AC5: =quartile($U$3:$U$838,3) -> 5.0715 | AF5: Q3 | AG5: =quartile($Y$3:$Y$838,3) -> 0.553
A6: {=LOOKUP(1,1/FREQUENCY(0,SIN((RADIANS(TA_AllSites_20220124!$A$2:$A$1397-$H6))/2)^2+SIN((RADIANS(TA_AllSites_20220124!$B$2:$B$1397-$I6))/2)^2*COS(RADIANS(TA_AllSites_20220124!$A$2:$A$1397))*COS(RADIANS($H6))),TA_AllSites_20220124!$C$2:$C$1397)} -> CLF | B6: {=LOOKUP(1,1/FREQUENCY(0,SIN((RADIANS(TA_AllSites_20220124!$A$2:$A$1397-$H6))/2)^2+SIN((RADIANS(TA_AllSites_20220124!$B$2:$B$1397-$I6))/2)^2*COS(RADIANS(TA_AllSites_20220124!$A$2:$A$1397))*COS(RADIANS($H6))),TA_AllSites_20220124!$A$2:$A$1397)} -> 39.29693 | C6: {=LOOKUP(1,1/FREQUENCY(0,SIN((RADIANS(TA_AllSites_20220124!$A$2:$A$1397-$H6))/2)^2+SIN((RADIANS(TA_AllSites_20220124!$B$2:$B$1397-$I6))/2)^2*COS(RADIANS(TA_AllSites_20220124!$A$2:$A$1397))*COS(RADIANS($H6))),TA_AllSites_20220124!$B$2:$B$1397)} -> -112.90875 | F6: TA | G6: 109 | H6: 39.216567 | I6: -113.06512 | J6: 1489.69 | K6: -13508.592 | L6: -8911.002 | M6: 99.121 | N6: -13508.582 | O6: -8910.996 | P6: 94.721 | Q6: 1504.31 | R6: -20.024 | S6: 0.89 | T6: =Q6+R6+S6 -> 1485.176 | U6: =$J6-$T6 -> 4.514 | V6: =($U6-$AC$4)/$AC$7 -> -0.047796737 | W6: =if(abs($V6)>3,"✔","") | X6: =$J6-$AC$4 -> 1485.138 | Y6: =T6-X6 -> 0.038 | AB6: IQR | AC6: =(AC5-AC3) -> 1.0725 | AF6: IQR | AG6: =(AG5-AG3) -> 1.0725
A7: {=LOOKUP(1,1/FREQUENCY(0,SIN((RADIANS(TA_AllSites_20220124!$A$2:$A$1397-$H7))/2)^2+SIN((RADIANS(TA_AllSites_20220124!$B$2:$B$1397-$I7))/2)^2*COS(RADIANS(TA_AllSites_20220124!$A$2:$A$1397))*COS(RADIANS($H7))),TA_AllSites_20220124!$C$2:$C$1397)} -> CLF | B7: {=LOOKUP(1,1/FREQUENCY(0,SIN((RADIANS(TA_AllSites_20220124!$A$2:$A$1397-$H7))/2)^2+SIN((RADIANS(TA_AllSites_20220124!$B$2:$B$1397-$I7))/2)^2*COS(RADIANS(TA_AllSites_20220124!$A$2:$A$1397))*COS(RADIANS($H7))),TA_AllSites_20220124!$A$2:$A$1397)} -> 39.29693 | C7: {=LOOKUP(1,1/FREQUENCY(0,SIN((RADIANS(TA_AllSites_20220124!$A$2:$A$1397-$H7))/2)^2+SIN((RADIANS(TA_AllSites_20220124!$B$2:$B$1397-$I7))/2)^2*COS(RADIANS(TA_AllSites_20220124!$A$2:$A$1397))*COS(RADIANS($H7))),TA_AllSites_20220124!$B$2:$B$1397)} -> -112.90875 | F7: TA | G7: 110 | H7: 39.227616 | I7: -113.06534 | J7: 1489.63 | K7: -13525.82 | L7: -7684.028 | M7: 100.625 | N7: -13525.811 | O7: -7684.022 | P7: 96.355 | Q7: 1504.37 | R7: -20.01 | S7: 0.89 | T7: =Q7+R7+S7 -> 1485.25 | U7: =$J7-$T7 -> 4.38 | V7: =($U7-$AC$4)/$AC$7 -> -0.21634312 | W7: =if(abs($V7)>3,"✔","") | X7: =$J7-$AC$4 -> 1485.078 | Y7: =T7-X7 -> 0.172 | AB7: iqrSD | AC7: =$AC$6/1.349 -> 0.79503336 | AF7: iqrSD | AG7: =$AC$6/1.349 -> 0.79503336
A8: {=LOOKUP(1,1/FREQUENCY(0,SIN((RADIANS(TA_AllSites_20220124!$A$2:$A$1397-$H8))/2)^2+SIN((RADIANS(TA_AllSites_20220124!$B$2:$B$1397-$I8))/2)^2*COS(RADIANS(TA_AllSites_20220124!$A$2:$A$1397))*COS(RADIANS($H8))),TA_AllSites_20220124!$C$2:$C$1397)} -> CLF | B8: {=LOOKUP(1,1/FREQUENCY(0,SIN((RADIANS(TA_AllSites_20220124!$A$2:$A$1397-$H8))/2)^2+SIN((RADIANS(TA_AllSites_20220124!$B$2:$B$1397-$I8))/2)^2*COS(RADIANS(TA_AllSites_20220124!$A$2:$A$1397))*COS(RADIANS($H8))),TA_AllSites_20220124!$A$2:$A$1397)} -> 39.29693 | C8: {=LOOKUP(1,1/FREQUENCY(0,SIN((RADIANS(TA_AllSites_20220124!$A$2:$A$1397-$H8))/2)^2+SIN((RADIANS(TA_AllSites_20220124!$B$2:$B$1397-$I8))/2)^2*COS(RADIANS(TA_AllSites_20220124!$A$2:$A$1397))*COS(RADIANS($H8))),TA_AllSites_20220124!$B$2:$B$1397)} -> -112.90875 | F8: TA | G8: 111 | H8: 39.238226 | I8: -113.06465 | J8: 1475.45 | K8: -13464.255 | L8: -6505.921 | M8: 87.888 | N8: -13464.245 | O8: -6505.916 | P8: 83.178 | Q8: 1489.74 | R8: -20 | S8: 0.89 | T8: =Q8+R8+S8 -> 1470.63 | U8: =$J8-$T8 -> 4.82 | V8: =($U8-$AC$4)/$AC$7 -> 0.33709277 | W8: =if(abs($V8)>3,"✔","") | X8: =$J8-$AC$4 -> 1470.898 | Y8: =T8-X8 -> -0.268 | AB8: mean | AC8: =average($U$3:$U$838) -> 4.534006 | AF8: mean | AG8: =average($Y$3:$Y$838) -> 0.017994019
A9: {=LOOKUP(1,1/FREQUENCY(0,SIN((RADIANS(TA_AllSites_20220124!$A$2:$A$1397-$H9))/2)^2+SIN((RADIANS(TA_AllSites_20220124!$B$2:$B$1397-$I9))/2)^2*COS(RADIANS(TA_AllSites_20220124!$A$2:$A$1397))*COS(RADIANS($H9))),TA_AllSites_20220124!$C$2:$C$1397)} -> CLF | B9: {=LOOKUP(1,1/FREQUENCY(0,SIN((RADIANS(TA_AllSites_20220124!$A$2:$A$1397-$H9))/2)^2+SIN((RADIANS(TA_AllSites_20220124!$B$2:$B$1397-$I9))/2)^2*COS(RADIANS(TA_AllSites_20220124!$A$2:$A$1397))*COS(RADIANS($H9))),TA_AllSites_20220124!$A$2:$A$1397)} -> 39.29693 | C9: {=LOOKUP(1,1/FREQUENCY(0,SIN((RADIANS(TA_AllSites_20220124!$A$2:$A$1397-$H9))/2)^2+SIN((RADIANS(TA_AllSites_20220124!$B$2:$B$1397-$I9))/2)^2*COS(RADIANS(TA_AllSites_20220124!$A$2:$A$1397))*COS(RADIANS($H9))),TA_AllSites_20220124!$B$2:$B$1397)} -> -112.90875 | F9: TA | G9: 112 | H9: 39.249013 | I9: -113.06512 | J9: 1460.31 | K9: -13502.569 | L9: -5307.989 | M9: 73.78 | N9: -13502.559 | O9: -5307.985 | P9: 69.18 | Q9: 1474.7 | R9: -19.99 | S9: 0.89 | T9: =Q9+R9+S9 -> 1455.6 | U9: =$J9-$T9 -> 4.71 | V9: =($U9-$AC$4)/$AC$7 -> 0.1987338 | W9: =if(abs($V9)>3,"✔","") | X9: =$J9-$AC$4 -> 1455.758 | Y9: =T9-X9 -> -0.158 | AB9: SD | AC9: =stdev($U$3:$U$838) -> 0.93054615 | AF9: SD | AG9: =stdev($Y$3:$Y$838) -> 0.93054615
A10: {=LOOKUP(1,1/FREQUENCY(0,SIN((RADIANS(TA_AllSites_20220124!$A$2:$A$1397-$H10))/2)^2+SIN((RADIANS(TA_AllSites_20220124!$B$2:$B$1397-$I10))/2)^2*COS(RADIANS(TA_AllSites_20220124!$A$2:$A$1397))*COS(RADIANS($H10))),TA_AllSites_20220124!$C$2:$C$1397)} -> CLF | B10: {=LOOKUP(1,1/FREQUENCY(0,SIN((RADIANS(TA_AllSites_20220124!$A$2:$A$1397-$H10))/2)^2+SIN((RADIANS(TA_AllSites_20220124!$B$2:$B$1397-$I10))/2)^2*COS(RADIANS(TA_AllSites_20220124!$A$2:$A$1397))*COS(RADIANS($H10))),TA_AllSites_20220124!$A$2:$A$1397)} -> 39.29693 | C10: {=LOOKUP(1,1/FREQUENCY(0,SIN((RADIANS(TA_AllSites_20220124!$A$2:$A$1397-$H10))/2)^2+SIN((RADIANS(TA_AllSites_20220124!$B$2:$B$1397-$I10))/2)^2*COS(RADIANS(TA_AllSites_20220124!$A$2:$A$1397))*COS(RADIANS($H10))),TA_AllSites_20220124!$B$2:$B$1397)} -> -112.90875 | F10: TA | G10: 113 | H10: 39.26015 | I10: -113.0648 | J10: 1451.76 | K10: -13473.135 | L10: -4071.315 | M10: 66.203 | N10: -13473.124 | O10: -4071.312 | P10: 61.003 | Q10: 1465.54 | R10: -19.98 | S10: 0.89 | T10: =Q10+R10+S10 -> 1446.45 | U10: =$J10-$T10 -> 5.31 | V10: =($U10-$AC$4)/$AC$7 -> 0.95341911 | W10: =if(abs($V10)>3,"✔","") | X10: =$J10-$AC$4 -> 1447.208 | Y10: =T10-X10 -> -0.758
A11: {=LOOKUP(1,1/FREQUENCY(0,SIN((RADIANS(TA_AllSites_20220124!$A$2:$A$1397-$H11))/2)^2+SIN((RADIANS(TA_AllSites_20220124!$B$2:$B$1397-$I11))/2)^2*COS(RADIANS(TA_AllSites_20220124!$A$2:$A$1397))*COS(RADIANS($H11))),TA_AllSites_20220124!$C$2:$C$1397)} -> CLF | B11: {=LOOKUP(1,1/FREQUENCY(0,SIN((RADIANS(TA_AllSites_20220124!$A$2:$A$1397-$H11))/2)^2+SIN((RADIANS(TA_AllSites_20220124!$B$2:$B$1397-$I11))/2)^2*COS(RADIANS(TA_AllSites_20220124!$A$2:$A$1397))*COS(RADIANS($H11))),TA_AllSites_20220124!$A$2:$A$1397)} -> 39.29693 | C11: {=LOOKUP(1,1/FREQUENCY(0,SIN((RADIANS(TA_AllSites_20220124!$A$2:$A$1397-$H11))/2)^2+SIN((RADIANS(TA_AllSites_20220124!$B$2:$B$1397-$I11))/2)^2*COS(RADIANS(TA_AllSites_20220124!$A$2:$A$1397))*COS(RADIANS($H11))),TA_AllSites_20220124!$B$2:$B$1397)} -> -112.90875 | F11: TA | G11: 114 | H11: 39.270623 | I11: -113.06517 | J11: 1457.07 | K11: -13502.56 | L11: -2908.282 | M11: 72.089 | N11: -13502.548 | O11: -2908.279 | P11: 66.389 | Q11: 1470.34 | R11: -19.968 | S11: 0.89 | T11: =Q11+R11+S11 -> 1451.262 | U11: =$J11-$T11 -> 5.808 | V11: =($U11-$AC$4)/$AC$7 -> 1.5798079 | W11: =if(abs($V11)>3,"✔","") | X11: =$J11-$AC$4 -> 1452.518 | Y11: =T11-X11 -> -1.256
A12: {=LOOKUP(1,1/FREQUENCY(0,SIN((RADIANS(TA_AllSites_20220124!$A$2:$A$1397-$H12))/2)^2+SIN((RADIANS(TA_AllSites_20220124!$B$2:$B$1397-$I12))/2)^2*COS(RADIANS(TA_AllSites_20220124!$A$2:$A$1397))*COS(RADIANS($H12))),TA_AllSites_20220124!$C$2:$C$1397)} -> CLF | B12: {=LOOKUP(1,1/FREQUENCY(0,SIN((RADIANS(TA_AllSites_20220124!$A$2:$A$1397-$H12))/2)^2+SIN((RADIANS(TA_AllSites_20220124!$B$2:$B$1397-$I12))/2)^2*COS(RADIANS(TA_AllSites_20220124!$A$2:$A$1397))*COS(RADIANS($H12))),TA_AllSites_20220124!$A$2:$A$1397)} -> 39.29693 | C12: {=LOOKUP(1,1/FREQUENCY(0,SIN((RADIANS(TA_AllSites_20220124!$A$2:$A$1397-$H12))/2)^2+SIN((RADIANS(TA_AllSites_20220124!$B$2:$B$1397-$I12))/2)^2*COS(RADIANS(TA_AllSites_20220124!$A$2:$A$1397))*COS(RADIANS($H12))),TA_AllSites_20220124!$B$2:$B$1397)} -> -112.90875 | F12: TA | G12: 115 | H12: 39.281859 | I12: -113.06514 | J12: 1460.64 | K12: -13497.995 | L12: -1660.574 | M12: 76.117 | N12: -13497.986 | O12: -1660.573 | P12: 72.207 | Q12: 1475.68 | R12: -19.953 | S12: 0.89 | T12: =Q12+R12+S12 -> 1456.617 | U12: =$J12-$T12 -> 4.023 | V12: =($U12-$AC$4)/$AC$7 -> -0.66538089 | W12: =if(abs($V12)>3,"✔","") | X12: =$J12-$AC$4 -> 1456.088 | Y12: =T12-X12 -> 0.529
A13: {=LOOKUP(1,1/FREQUENCY(0,SIN((RADIANS(TA_AllSites_20220124!$A$2:$A$1397-$H13))/2)^2+SIN((RADIANS(TA_AllSites_20220124!$B$2:$B$1397-$I13))/2)^2*COS(RADIANS(TA_AllSites_20220124!$A$2:$A$1397))*COS(RADIANS($H13))),TA_AllSites_20220124!$C$2:$C$1397)} -> CLF | B13: {=LOOKUP(1,1/FREQUENCY(0,SIN((RADIANS(TA_AllSites_20220124!$A$2:$A$1397-$H13))/2)^2+SIN((RADIANS(TA_AllSites_20220124!$B$2:$B$1397-$I13))/2)^2*COS(RADIANS(TA_AllSites_20220124!$A$2:$A$1397))*COS(RADIANS($H13))),TA_AllSites_20220124!$A$2:$A$1397)} -> 39.29693 | C13: {=LOOKUP(1,1/FREQUENCY(0,SIN((RADIANS(TA_AllSites_20220124!$A$2:$A$1397-$H13))/2)^2+SIN((RADIANS(TA_AllSites_20220124!$B$2:$B$1397-$I13))/2)^2*COS(RADIANS(TA_AllSites_20220124!$A$2:$A$1397))*COS(RADIANS($H13))),TA_AllSites_20220124!$B$2:$B$1397)} -> -112.90875 | F13: TA | G13: 116 | H13: 39.292247 | I13: -113.06512 | J13: 1474.67 | K13: -13494.477 | L13: -507.029 | M13: 90.351 | N13: -13494.465 | O13: -507.028 | P13: 84.541 | Q13: 1487.8 | R13: -19.936 | S13: 0.89 | T13: =Q13+R13+S13 -> 1468.754 | U13: =$J13-$T13 -> 5.916 | V13: =($U13-$AC$4)/$AC$7 -> 1.7156513 | W13: =if(abs($V13)>3,"✔","") | X13: =$J13-$AC$4 -> 1470.118 | Y13: =T13-X13 -> -1.364
A14: {=LOOKUP(1,1/FREQUENCY(0,SIN((RADIANS(TA_AllSites_20220124!$A$2:$A$1397-$H14))/2)^2+SIN((RADIANS(TA_AllSites_20220124!$B$2:$B$1397-$I14))/2)^2*COS(RADIANS(TA_AllSites_20220124!$A$2:$A$1397))*COS(RADIANS($H14))),TA_AllSites_20220124!$C$2:$C$1397)} -> CLF | B14: {=LOOKUP(1,1/FREQUENCY(0,SIN((RADIANS(TA_AllSites_20220124!$A$2:$A$1397-$H14))/2)^2+SIN((RADIANS(TA_AllSites_20220124!$B$2:$B$1397-$I14))/2)^2*COS(RADIANS(TA_AllSites_20220124!$A$2:$A$1397))*COS(RADIANS($H14))),TA_AllSites_20220124!$A$2:$A$1397)} -> 39.29693 | C14: {=LOOKUP(1,1/FREQUENCY(0,SIN((RADIANS(TA_AllSites_20220124!$A$2:$A$1397-$H14))/2)^2+SIN((RADIANS(TA_AllSites_20220124!$B$2:$B$1397-$I14))/2)^2*COS(RADIANS(TA_AllSites_20220124!$A$2:$A$1397))*COS(RADIANS($H14))),TA_AllSites_20220124!$B$2:$B$1397)} -> -112.90875 | F14: TA | G14: 205 | H14: 39.173319 | I14: -113.05099 | J14: 1442.22 | K14: -12295.81 | L14: -13715.383 | M14: 45.558 | N14: -12295.799 | O14: -13715.371 | P14: 39.888 | Q14: 1455.66 | R14: -20.106 | S14: 0.89 | T14: =Q14+R14+S14 -> 1436.444 | U14: =$J14-$T14 -> 5.776 | V14: =($U14-$AC$4)/$AC$7 -> 1.539558 | W14: =if(abs($V14)>3,"✔","") | X14: =$J14-$AC$4 -> 1437.668 | Y14: =T14-X14 -> -1.224
A15: {=LOOKUP(1,1/FREQUENCY(0,SIN((RADIANS(TA_AllSites_20220124!$A$2:$A$1397-$H15))/2)^2+SIN((RADIANS(TA_AllSites_20220124!$B$2:$B$1397-$I15))/2)^2*COS(RADIANS(TA_AllSites_20220124!$A$2:$A$1397))*COS(RADIANS($H15))),TA_AllSites_20220124!$C$2:$C$1397)} -> CLF | B15: {=LOOKUP(1,1/FREQUENCY(0,SIN((RADIANS(TA_AllSites_20220124!$A$2:$A$1397-$H15))/2)^2+SIN((RADIANS(TA_AllSites_20220124!$B$2:$B$1397-$I15))/2)^2*COS(RADIANS(TA_AllSites_20220124!$A$2:$A$1397))*COS(RADIANS($H15))),TA_AllSites_20220124!$A$2:$A$1397)} -> 39.29693 | C15: {=LOOKUP(1,1/FREQUENCY(0,SIN((RADIANS(TA_AllSites_20220124!$A$2:$A$1397-$H15))/2)^2+SIN((RADIANS(TA_AllSites_20220124!$B$2:$B$1397-$I15))/2)^2*COS(RADIANS(TA_AllSites_20220124!$A$2:$A$1397))*COS(RADIANS($H15))),TA_AllSites_20220124!$B$2:$B$1397)} -> -112.90875 | F15: TA | G15: 206 | H15: 39.184775 | I15: -113.05034 | J15: 1462.95 | K15: -12238.027 | L15: -12443.395 | M15: 69.013 | N15: -12238.019 | O15: -12443.387 | P15: 64.883 | Q15: 1477.9 | R15: -20.085 | S15: 0.89 | T15: =Q15+R15+S15 -> 1458.705 | U15: =$J15-$T15 -> 4.245 | V15: =($U15-$AC$4)/$AC$7 -> -0.38614732 | W15: =if(abs($V15)>3,"✔","") | X15: =$J15-$AC$4 -> 1458.398 | Y15: =T15-X15 -> 0.307
A16: {=LOOKUP(1,1/FREQUENCY(0,SIN((RADIANS(TA_AllSites_20220124!$A$2:$A$1397-$H16))/2)^2+SIN((RADIANS(TA_AllSites_20220124!$B$2:$B$1397-$I16))/2)^2*COS(RADIANS(TA_AllSites_20220124!$A$2:$A$1397))*COS(RADIANS($H16))),TA_AllSites_20220124!$C$2:$C$1397)} -> CLF | B16: {=LOOKUP(1,1/FREQUENCY(0,SIN((RADIANS(TA_AllSites_20220124!$A$2:$A$1397-$H16))/2)^2+SIN((RADIANS(TA_AllSites_20220124!$B$2:$B$1397-$I16))/2)^2*COS(RADIANS(TA_AllSites_20220124!$A$2:$A$1397))*COS(RADIANS($H16))),TA_AllSites_20220124!$A$2:$A$1397)} -> 39.29693 | C16: {=LOOKUP(1,1/FREQUENCY(0,SIN((RADIANS(TA_AllSites_20220124!$A$2:$A$1397-$H16))/2)^2+SIN((RADIANS(TA_AllSites_20220124!$B$2:$B$1397-$I16))/2)^2*COS(RADIANS(TA_AllSites_20220124!$A$2:$A$1397))*COS(RADIANS($H16))),TA_AllSites_20220124!$B$2:$B$1397)} -> -112.90875 | F16: TA | G16: 207 | H16: 39.194913 | I16: -113.05119 | J16: 1460.69 | K16: -12309.452 | L16: -11317.509 | M16: 68.719 | N16: -12309.443 | O16: -11317.501 | P16: 64.149 | Q16: 1475.19 | R16: -20.069 | S16: 0.89 | T16: =Q16+R16+S16 -> 1456.011 | U16: =$J16-$T16 -> 4.679 | V16: =($U16-$AC$4)/$AC$7 -> 0.15974172 | W16: =if(abs($V16)>3,"✔","") | X16: =$J16-$AC$4 -> 1456.138 | Y16: =T16-X16 -> -0.127
A17: {=LOOKUP(1,1/FREQUENCY(0,SIN((RADIANS(TA_AllSites_20220124!$A$2:$A$1397-$H17))/2)^2+SIN((RADIANS(TA_AllSites_20220124!$B$2:$B$1397-$I17))/2)^2*COS(RADIANS(TA_AllSites_20220124!$A$2:$A$1397))*COS(RADIANS($H17))),TA_AllSites_20220124!$C$2:$C$1397)} -> CLF | B17: {=LOOKUP(1,1/FREQUENCY(0,SIN((RADIANS(TA_AllSites_20220124!$A$2:$A$1397-$H17))/2)^2+SIN((RADIANS(TA_AllSites_20220124!$B$2:$B$1397-$I17))/2)^2*COS(RADIANS(TA_AllSites_20220124!$A$2:$A$1397))*COS(RADIANS($H17))),TA_AllSites_20220124!$A$2:$A$1397)} -> 39.29693 | C17: {=LOOKUP(1,1/FREQUENCY(0,SIN((RADIANS(TA_AllSites_20220124!$A$2:$A$1397-$H17))/2)^2+SIN((RADIANS(TA_AllSites_20220124!$B$2:$B$1397-$I17))/2)^2*COS(RADIANS(TA_AllSites_20220124!$A$2:$A$1397))*COS(RADIANS($H17))),TA_AllSites_20220124!$B$2:$B$1397)} -> -112.90875 | F17: TA | G17: 208 | H17: 39.205739 | I17: -113.05121 | J17: 1461.47 | K17: -12309.465 | L17: -10115.339 | M17: 71.523 | N17: -12309.456 | O17: -10115.332 | P17: 67.083 | Q17: 1476.08 | R17: -20.053 | S17: 0.89 | T17: =Q17+R17+S17 -> 1456.917 | U17: =$J17-$T17 -> 4.553 | V17: =($U17-$AC$4)/$AC$7 -> 0.0012578089 | W17: =if(abs($V17)>3,"✔","") | X17: =$J17-$AC$4 -> 1456.918 | Y17: =T17-X17 -> -0.001
A18: {=LOOKUP(1,1/FREQUENCY(0,SIN((RADIANS(TA_AllSites_20220124!$A$2:$A$1397-$H18))/2)^2+SIN((RADIANS(TA_AllSites_20220124!$B$2:$B$1397-$I18))/2)^2*COS(RADIANS(TA_AllSites_20220124!$A$2:$A$1397))*COS(RADIANS($H18))),TA_AllSites_20220124!$C$2:$C$1397)} -> CLF | B18: {=LOOKUP(1,1/FREQUENCY(0,SIN((RADIANS(TA_AllSites_20220124!$A$2:$A$1397-$H18))/2)^2+SIN((RADIANS(TA_AllSites_20220124!$B$2:$B$1397-$I18))/2)^2*COS(RADIANS(TA_AllSites_20220124!$A$2:$A$1397))*COS(RADIANS($H18))),TA_AllSites_20220124!$A$2:$A$1397)} -> 39.29693 | C18: {=LOOKUP(1,1/FREQUENCY(0,SIN((RADIANS(TA_AllSites_20220124!$A$2:$A$1397-$H18))/2)^2+SIN((RADIANS(TA_AllSites_20220124!$B$2:$B$1397-$I18))/2)^2*COS(RADIANS(TA_AllSites_20220124!$A$2:$A$1397))*COS(RADIANS($H18))),TA_AllSites_20220124!$B$2:$B$1397)} -> -112.90875 | F18: TA | G18: 209 | H18: 39.216844 | I18: -113.0512 | J18: 1452.88 | K18: -12306.559 | L18: -8882.177 | M18: 64.78 | N18: -12306.55 | O18: -8882.17 | P18: 60.22 | Q18: 1467.36 | R18: -20.038 | S18: 0.89 | T18: =Q18+R18+S18 -> 1448.212 | U18: =$J18-$T18 -> 4.668 | V18: =($U18-$AC$4)/$AC$7 -> 0.14590583 | W18: =if(abs($V18)>3,"✔","") | X18: =$J18-$AC$4 -> 1448.328 | Y18: =T18-X18 -> -0.116
A19: {=LOOKUP(1,1/FREQUENCY(0,SIN((RADIANS(TA_AllSites_20220124!$A$2:$A$1397-$H19))/2)^2+SIN((RADIANS(TA_AllSites_20220124!$B$2:$B$1397-$I19))/2)^2*COS(RADIANS(TA_AllSites_20220124!$A$2:$A$1397))*COS(RADIANS($H19))),TA_AllSites_20220124!$C$2:$C$1397)} -> CLF | B19: {=LOOKUP(1,1/FREQUENCY(0,SIN((RADIANS(TA_AllSites_20220124!$A$2:$A$1397-$H19))/2)^2+SIN((RADIANS(TA_AllSites_20220124!$B$2:$B$1397-$I19))/2)^2*COS(RADIANS(TA_AllSites_20220124!$A$2:$A$1397))*COS(RADIANS($H19))),TA_AllSites_20220124!$A$2:$A$1397)} -> 39.29693 | C19: {=LOOKUP(1,1/FREQUENCY(0,SIN((RADIANS(TA_AllSites_20220124!$A$2:$A$1397-$H19))/2)^2+SIN((RADIANS(TA_AllSites_20220124!$B$2:$B$1397-$I19))/2)^2*COS(RADIANS(TA_AllSites_20220124!$A$2:$A$1397))*COS(RADIANS($H19))),TA_AllSites_20220124!$B$2:$B$1397)} -> -112.90875 | F19: TA | G19: 210 | H19: 39.227348 | I19: -113.05123 | J19: 1444.43 | K19: -12307.041 | L19: -7715.748 | M19: 57.85 | N19: -12307.032 | O19: -7715.742 | P19: 53.421 | Q19: 1459.02 | R19: -20.025 | S19: 0.89 | T19: =Q19+R19+S19 -> 1439.885 | U19: =$J19-$T19 -> 4.545 | V19: =($U19-$AC$4)/$AC$7 -> -0.008804662 | W19: =if(abs($V19)>3,"✔","") | X19: =$J19-$AC$4 -> 1439.878 | Y19: =T19-X19 -> 0.007
A20: {=LOOKUP(1,1/FREQUENCY(0,SIN((RADIANS(TA_AllSites_20220124!$A$2:$A$1397-$H20))/2)^2+SIN((RADIANS(TA_AllSites_20220124!$B$2:$B$1397-$I20))/2)^2*COS(RADIANS(TA_AllSites_20220124!$A$2:$A$1397))*COS(RADIANS($H20))),TA_AllSites_20220124!$C$2:$C$1397)} -> CLF | B20: {=LOOKUP(1,1/FREQUENCY(0,SIN((RADIANS(TA_AllSites_20220124!$A$2:$A$1397-$H20))/2)^2+SIN((RADIANS(TA_AllSites_20220124!$B$2:$B$1397-$I20))/2)^2*COS(RADIANS(TA_AllSites_20220124!$A$2:$A$1397))*COS(RADIANS($H20))),TA_AllSites_20220124!$A$2:$A$1397)} -> 39.29693 | C20: {=LOOKUP(1,1/FREQUENCY(0,SIN((RADIANS(TA_AllSites_20220124!$A$2:$A$1397-$H20))/2)^2+SIN((RADIANS(TA_AllSites_20220124!$B$2:$B$1397-$I20))/2)^2*COS(RADIANS(TA_AllSites_20220124!$A$2:$A$1397))*COS(RADIANS($H20))),TA_AllSites_20220124!$B$2:$B$1397)} -> -112.90875 | F20: TA | G20: 211 | H20: 39.238191 | I20: -113.05121 | J20: 1442.99 | K20: -12303.849 | L20: -6511.688 | M20: 57.763 | N20: -12303.839 | O20: -6511.683 | P20: 52.793 | Q20: 1457.03 | R20: -20.013 | S20: 0.89 | T20: =Q20+R20+S20 -> 1437.907 | U20: =$J20-$T20 -> 5.083 | V20: =($U20-$AC$4)/$AC$7 -> 0.6678965 | W20: =if(abs($V20)>3,"✔","") | X20: =$J20-$AC$4 -> 1438.438 | Y20: =T20-X20 -> -0.531
A21: {=LOOKUP(1,1/FREQUENCY(0,SIN((RADIANS(TA_AllSites_20220124!$A$2:$A$1397-$H21))/2)^2+SIN((RADIANS(TA_AllSites_20220124!$B$2:$B$1397-$I21))/2)^2*COS(RADIANS(TA_AllSites_20220124!$A$2:$A$1397))*COS(RADIANS($H21))),TA_AllSites_20220124!$C$2:$C$1397)} -> CLF | B21: {=LOOKUP(1,1/FREQUENCY(0,SIN((RADIANS(TA_AllSites_20220124!$A$2:$A$1397-$H21))/2)^2+SIN((RADIANS(TA_AllSites_20220124!$B$2:$B$1397-$I21))/2)^2*COS(RADIANS(TA_AllSites_20220124!$A$2:$A$1397))*COS(RADIANS($H21))),TA_AllSites_20220124!$A$2:$A$1397)} -> 39.29693 | C21: {=LOOKUP(1,1/FREQUENCY(0,SIN((RADIANS(TA_AllSites_20220124!$A$2:$A$1397-$H21))/2)^2+SIN((RADIANS(TA_AllSites_20220124!$B$2:$B$1397-$I21))/2)^2*COS(RADIANS(TA_AllSites_20220124!$A$2:$A$1397))*COS(RADIANS($H21))),TA_AllSites_20220124!$B$2:$B$1397)} -> -112.90875 | F21: TA | G21: 212 | H21: 39.248977 | I21: -113.05124 | J21: 1443.88 | K21: -12304.384 | L21: -5313.952 | M21: 59.765 | N21: -12304.375 | O21: -5313.948 | P21: 55.235 | Q21: 1458.35 | R21: -20.001 | S21: 0.89 | T21: =Q21+R21+S21 -> 1439.239 | U21: =$J21-$T21 -> 4.641 | V21: =($U21-$AC$4)/$AC$7 -> 0.11194499 | W21: =if(abs($V21)>3,"✔","") | X21: =$J21-$AC$4 -> 1439.328 | Y21: =T21-X21 -> -0.089
... A48: {=LOOKUP(1,1/FREQUENCY(0,SIN((RADIANS(TA_AllSites_20220124!$A$2:$A$1397-$H48))/2)^2+SIN((RADIANS(TA_AllSites_20220124!$B$2:$B$1397-$I48))/2)^2*COS(RADIANS(TA_AllSites_20220124!$A$2:$A$1397))*COS(RADIANS($H48))),TA_AllSites_20220124!$C$2:$C$1397)} -> CLF | B48: {=LOOKUP(1,1/FREQUENCY(0,SIN((RADIANS(TA_AllSites_20220124!$A$2:$A$1397-$H48))/2)^2+SIN((RADIANS(TA_AllSites_20220124!$B$2:$B$1397-$I48))/2)^2*COS(RADIANS(TA_AllSites_20220124!$A$2:$A$1397))*COS(RADIANS($H48))),TA_AllSites_20220124!$A$2:$A$1397)} -> 39.29693 | C48: {=LOOKUP(1,1/FREQUENCY(0,SIN((RADIANS(TA_AllSites_20220124!$A$2:$A$1397-$H48))/2)^2+SIN((RADIANS(TA_AllSites_20220124!$B$2:$B$1397-$I48))/2)^2*COS(RADIANS(TA_AllSites_20220124!$A$2:$A$1397))*COS(RADIANS($H48))),TA_AllSites_20220124!$B$2:$B$1397)} -> -112.90875 | F48: TA | G48: 409 | H48: 39.216593 | I48: -113.02344 | J48: 1429 | K48: -9908.972 | L48: -8913.423 | M48: 45.025 | N48: -9908.966 | O48: -8913.418 | P48: 41.295 | Q48: 1444.33 | R48: -20.059 | S48: 0.89 | T48: =Q48+R48+S48 -> 1425.161 | U48: =$J48-$T48 -> 3.839 | V48: =($U48-$AC$4)/$AC$7 -> -0.89681772 | W48: =if(abs($V48)>3,"✔","") | X48: =$J48-$AC$4 -> 1424.448 | Y48: =T48-X48 -> 0.713
F49: TA | G49: 410 | H49: 39.22738 | I49: -113.02344 | J49: 1423.22 | K49: -9906.583 | L49: -7715.581 | M49: 40.814 | N49: -9906.578 | O49: -7715.577 | P49: 37.564 | Q49: 1439.01 | R49: -20.045 | S49: 0.89 | T49: =Q49+R49+S49 -> 1419.855 | U49: =$J49-$T49 -> 3.365 | V49: =($U49-$AC$4)/$AC$7 -> -1.4930191 | W49: =if(abs($V49)>3,"✔","") | X49: =$J49-$AC$4 -> 1418.668 | Y49: =T49-X49 -> 1.187
F50: TA | G50: 411 | H50: 39.238229 | I50: -113.02332 | J50: 1427.55 | K50: -9895.047 | L50: -6510.875 | M50: 46.509 | N50: -9895.041 | O50: -6510.871 | P50: 42.519 | Q50: 1442.59 | R50: -20.031 | S50: 0.89 | T50: =Q50+R50+S50 -> 1423.449 | U50: =$J50-$T50 -> 4.101 | V50: =($U50-$AC$4)/$AC$7 -> -0.56727179 | W50: =if(abs($V50)>3,"✔","") | X50: =$J50-$AC$4 -> 1422.998 | Y50: =T50-X50 -> 0.451
F51: TA | G51: 412 | H51: 39.249064 | I51: -113.02354 | J51: 1431.78 | K51: -9912.181 | L51: -5307.683 | M51: 51.83 | N51: -9912.174 | O51: -5307.679 | P51: 46.97 | Q51: 1445.94 | R51: -20.018 | S51: 0.89 | T51: =Q51+R51+S51 -> 1426.812 | U51: =$J51-$T51 -> 4.968 | V51: =($U51-$AC$4)/$AC$7 -> 0.52324848 | W51: =if(abs($V51)>3,"✔","") | X51: =$J51-$AC$4 -> 1427.228 | Y51: =T51-X51 -> -0.416
F52: TA | G52: 413 | H52: 39.25978 | I52: -113.02336 | J52: 1435.52 | K52: -9896.003 | L52: -4117.744 | M52: 56.476 | N52: -9895.994 | O52: -4117.74 | P52: 51.186 | Q52: 1449.23 | R52: -20.005 | S52: 0.89 | T52: =Q52+R52+S52 -> 1430.115 | U52: =$J52-$T52 -> 5.405 | V52: =($U52-$AC$4)/$AC$7 -> 1.072911 | W52: =if(abs($V52)>3,"✔","") | X52: =$J52-$AC$4 -> 1430.968 | Y52: =T52-X52 -> -0.853
F53: TA | G53: 414 | H53: 39.270595 | I53: -113.02338 | J53: 1426.57 | K53: -9895.676 | L53: -2916.781 | M53: 48.191 | N53: -9895.669 | O53: -2916.779 | P53: 43.481 | Q53: 1440.85 | R53: -19.99 | S53: 0.89 | T53: =Q53+R53+S53 -> 1421.75 | U53: =$J53-$T53 -> 4.82 | V53: =($U53-$AC$4)/$AC$7 -> 0.33709277 | W53: =if(abs($V53)>3,"✔","") | X53: =$J53-$AC$4 -> 1422.018 | Y53: =T53-X53 -> -0.268
F54: TA | G54: 415 | H54: 39.281466 | I54: -113.02341 | J54: 1426.55 | K54: -9896.909 | L54: -1709.601 | M54: 48.608 | N54: -9896.902 | O54: -1709.6 | P54: 43.948 | Q54: 1440.86 | R54: -19.975 | S54: 0.89 | T54: =Q54+R54+S54 -> 1421.775 | U54: =$J54-$T54 -> 4.775 | V54: =($U54-$AC$4)/$AC$7 -> 0.28049138 | W54: =if(abs($V54)>3,"✔","") | X54: =$J54-$AC$4 -> 1421.998 | Y54: =T54-X54 -> -0.223
F55: TA | G55: 416 | H55: 39.291998 | I55: -113.02341 | J55: 1433.06 | K55: -9895.005 | L55: -540.068 | M55: 55.328 | N55: -9894.996 | O55: -540.068 | P55: 49.188 | Q55: 1445.88 | R55: -19.958 | S55: 0.89 | T55: =Q55+R55+S55 -> 1426.812 | U55: =$J55-$T55 -> 6.248 | V55: =($U55-$AC$4)/$AC$7 -> 2.1332438 | W55: =if(abs($V55)>3,"✔","") | X55: =$J55-$AC$4 -> 1428.508 | Y55: =T55-X55 -> -1.696
F56: TA | G56: 417 | H56: 39.303059 | I56: -113.0234 | J56: 1440.34 | K56: -9893.114 | L56: 688.213 | M56: 62.596 | N56: -9893.109 | O56: 688.212 | P56: 59.326 | Q56: 1456.01 | R56: -19.939 | S56: 0.89 | T56: =Q56+R56+S56 -> 1436.961 | U56: =$J56-$T56 -> 3.379 | V56: =($U56-$AC$4)/$AC$7 -> -1.4754098 | W56: =if(abs($V56)>3,"✔","") | X56: =$J56-$AC$4 -> 1435.788 | Y56: =T56-X56 -> 1.173
F57: TA | G57: 418 | H57: 39.313853 | I57: -113.02341 | J57: 1448.09 | K57: -9892.124 | L57: 1886.851 | M57: 70.105 | N57: -9892.116 | O57: 1886.849 | P57: 64.525 | Q57: 1461.43 | R57: -19.919 | S57: 0.89 | T57: =Q57+R57+S57 -> 1442.401 | U57: =$J57-$T57 -> 5.689 | V57: =($U57-$AC$4)/$AC$7 -> 1.4301287 | W57: =if(abs($V57)>3,"✔","") | X57: =$J57-$AC$4 -> 1443.538 | Y57: =T57-X57 -> -1.137
F58: TA | G58: 419 | H58: 39.324654 | I58: -113.02307 | J58: 1457 | K58: -9861.81 | L58: 3086.235 | M58: 78.593 | N58: -9861.801 | O58: 3086.232 | P58: 72.573 | Q58: 1469.88 | R58: -19.897 | S58: 0.89 | T58: =Q58+R58+S58 -> 1450.873 | U58: =$J58-$T58 -> 6.127 | V58: =($U58-$AC$4)/$AC$7 -> 1.981049 | W58: =if(abs($V58)>3,"✔","") | X58: =$J58-$AC$4 -> 1452.448 | Y58: =T58-X58 -> -1.575
F59: TA | G59: 502 | H59: 39.140856 | I59: -113.00935 | J59: 1384.15 | K59: -8700.617 | L59: -17324.854 | M59: -15.409 | N59: -8700.612 | O59: -17324.844 | P59: -18.969 | Q59: 1399.76 | R59: -20.171 | S59: 0.89 | T59: =Q59+R59+S59 -> 1380.479 | U59: =$J59-$T59 -> 3.671 | V59: =($U59-$AC$4)/$AC$7 -> -1.1081296 | W59: =if(abs($V59)>3,"✔","") | X59: =$J59-$AC$4 -> 1379.598 | Y59: =T59-X59 -> 0.881
F60: TA | G60: 503 | H60: 39.151722 | I60: -113.00956 | J60: 1392.92 | K60: -8717.62 | L60: -16118.273 | M60: -3.491 | N60: -8717.616 | O60: -16118.265 | P60: -6.951 | Q60: 1408.62 | R60: -20.157 | S60: 0.89 | T60: =Q60+R60+S60 -> 1389.353 | U60: =$J60-$T60 -> 3.567 | V60: =($U60-$AC$4)/$AC$7 -> -1.2389417 | W60: =if(abs($V60)>3,"✔","") | X60: =$J60-$AC$4 -> 1388.368 | Y60: =T60-X60 -> 0.985
... F206: TA | G206: 1108 | H206: 39.205714 | I206: -112.92612 | J206: 1375.86 | K206: -1501.821 | L206: -10127.528 | M206: -2.423 | N206: -1501.82 | O206: -10127.521 | P206: -6.743 | Q206: 1390.57 | R206: -20.035 | S206: 0.89 | T206: =Q206+R206+S206 -> 1371.425 | U206: =$J206-$T206 -> 4.435 | V206: =($U206-$AC$4)/$AC$7 -> -0.14716364 | W206: =if(abs($V206)>3,"✔","") | X206: =$J206-$AC$4 -> 1371.308 | Y206: =T206-X206 -> 0.117
F207: TA | G207: 1109 | H207: 39.216545 | I207: -112.92609 | J207: 1375.78 | K207: -1499.258 | L207: -8924.817 | M207: -0.702 | N207: -1499.257 | O207: -8924.812 | P207: -4.932 | Q207: 1390.57 | R207: -20.022 | S207: 0.89 | T207: =Q207+R207+S207 -> 1371.438 | U207: =$J207-$T207 -> 4.342 | V207: =($U207-$AC$4)/$AC$7 -> -0.26413986 | W207: =if(abs($V207)>3,"✔","") | X207: =$J207-$AC$4 -> 1371.228 | Y207: =T207-X207 -> 0.21 | Z207: JAM OPUS Survey values SD1110
F208: TA | G208: 1110 | H208: 39.227316 | I208: -112.92609 | J208: 1377.31 | K208: -1498.771 | L208: -7728.768 | M208: 2.394 | N208: -1498.769 | O208: -7728.762 | P208: -2.556 | Q208: 1391.37 | R208: -20.01 | S208: 0.89 | T208: =Q208+R208+S208 -> 1372.25 | U208: =$J208-$T208 -> 5.06 | V208: =($U208-$AC$4)/$AC$7 -> 0.6389669 | W208: =if(abs($V208)>3,"✔","") | X208: =$J208-$AC$4 -> 1372.758 | Y208: =T208-X208 -> -0.508 | Z208: 1371.137 | AA208: 1391.142 | AB208: 1370.415
F209: TA | G209: 1111 | H209: 39.238143 | I209: -112.9261 | J209: 1379.82 | K209: -1499.577 | L209: -6526.499 | M209: 6.251 | N209: -1499.576 | O209: -6526.494 | P209: 1.411 | Q209: 1393.98 | R209: -19.997 | S209: 0.89 | T209: =Q209+R209+S209 -> 1374.873 | U209: =$J209-$T209 -> 4.947 | V209: =($U209-$AC$4)/$AC$7 -> 0.4968345 | W209: =if(abs($V209)>3,"✔","") | X209: =$J209-$AC$4 -> 1375.268 | Y209: =T209-X209 -> -0.395 | Z209: =Z208-Q208-R208 -> -0.223 | AA209: =AA208-Q208 -> -0.228 | AB209: =Z208-AB208 -> 0.722
F210: TA | G210: 1112 | H210: 39.248987 | I210: -112.92609 | J210: 1379.5 | K210: -1498.31 | L210: -5322.336 | M210: 7.052 | N210: -1498.309 | O210: -5322.332 | P210: 3.122 | Q210: 1394.55 | R210: -19.985 | S210: 0.89 | T210: =Q210+R210+S210 -> 1375.455 | U210: =$J210-$T210 -> 4.045 | V210: =($U210-$AC$4)/$AC$7 -> -0.63770909 | W210: =if(abs($V210)>3,"✔","") | X210: =$J210-$AC$4 -> 1374.948 | Y210: =T210-X210 -> 0.507
F211: TA | G211: 1113 | H211: 39.25979 | I211: -112.92603 | J211: 1380.35 | K211: -1493.678 | L211: -4122.724 | M211: 8.794 | N211: -1493.677 | O211: -4122.721 | P211: 3.854 | Q211: 1394.38 | R211: -19.972 | S211: 0.89 | T211: =Q211+R211+S211 -> 1375.298 | U211: =$J211-$T211 -> 5.052 | V211: =($U211-$AC$4)/$AC$7 -> 0.62890443 | W211: =if(abs($V211)>3,"✔","") | X211: =$J211-$AC$4 -> 1375.798 | Y211: =T211-X211 -> -0.5
F212: TA | G212: 1114 | H212: 39.270622 | I212: -112.92605 | J212: 1381.16 | K212: -1494.656 | L212: -2919.889 | M212: 10.269 | N212: -1494.655 | O212: -2919.887 | P212: 4.839 | Q212: 1394.69 | R212: -19.959 | S212: 0.89 | T212: =Q212+R212+S212 -> 1375.621 | U212: =$J212-$T212 -> 5.539 | V212: =($U212-$AC$4)/$AC$7 -> 1.2414573 | W212: =if(abs($V212)>3,"✔","") | X212: =$J212-$AC$4 -> 1376.608 | Y212: =T212-X212 -> -0.987
F213: TA | G213: 1115 | H213: 39.281412 | I213: -112.92602 | J213: 1381.82 | K213: -1491.666 | L213: -1721.716 | M213: 11.367 | N213: -1491.665 | O213: -1721.715 | P213: 7.057 | Q213: 1396.46 | R213: -19.946 | S213: 0.89 | T213: =Q213+R213+S213 -> 1377.404 | U213: =$J213-$T213 -> 4.416 | V213: =($U213-$AC$4)/$AC$7 -> -0.171062 | W213: =if(abs($V213)>3,"✔","") | X213: =$J213-$AC$4 -> 1377.268 | Y213: =T213-X213 -> 0.136
F214: TA | G214: 1116 | H214: 39.29225 | I214: -112.92602 | J214: 1383.96 | K214: -1491.523 | L214: -518.21 | M214: 13.719 | N214: -1491.521 | O214: -518.209 | P214: 8.469 | Q214: 1397.64 | R214: -19.933 | S214: 0.89 | T214: =Q214+R214+S214 -> 1378.597 | U214: =$J214-$T214 -> 5.363 | V214: =($U214-$AC$4)/$AC$7 -> 1.020083 | W214: =if(abs($V214)>3,"✔","") | X214: =$J214-$AC$4 -> 1379.408 | Y214: =T214-X214 -> -0.811
F215: TA | G215: 1117 | H215: 39.303062 | I215: -112.926 | J215: 1379.86 | K215: -1489.48 | L215: 682.412 | M215: 9.604 | N215: -1489.479 | O215: 682.411 | P215: 4.934 | Q215: 1394.11 | R215: -19.92 | S215: 0.89 | T215: =Q215+R215+S215 -> 1375.08 | U215: =$J215-$T215 -> 4.78 | V215: =($U215-$AC$4)/$AC$7 -> 0.28678042 | W215: =if(abs($V215)>3,"✔","") | X215: =$J215-$AC$4 -> 1375.308 | Y215: =T215-X215 -> -0.228
F216: TA | G216: 1118 | H216: 39.314025 | I216: -112.92594 | J216: 1379.82 | K216: -1484.504 | L216: 1899.802 | M216: 9.318 | N216: -1484.503 | O216: 1899.801 | P216: 4.838 | Q216: 1394.24 | R216: -19.905 | S216: 0.89 | T216: =Q216+R216+S216 -> 1375.225 | U216: =$J216-$T216 -> 4.595 | V216: =($U216-$AC$4)/$AC$7 -> 0.054085781 | W216: =if(abs($V216)>3,"✔","") | X216: =$J216-$AC$4 -> 1375.268 | Y216: =T216-X216 -> -0.043
F217: TA | G217: 1119 | H217: 39.324679 | I217: -112.92596 | J217: 1379.04 | K217: -1485.831 | L217: 3082.882 | M217: 8.074 | N217: -1485.83 | O217: 3082.88 | P217: 3.814 | Q217: 1393.67 | R217: -19.89 | S217: 0.89 | T217: =Q217+R217+S217 -> 1374.67 | U217: =$J217-$T217 -> 4.37 | V217: =($U217-$AC$4)/$AC$7 -> -0.22892121 | W217: =if(abs($V217)>3,"✔","") | X217: =$J217-$AC$4 -> 1374.488 | Y217: =T217-X217 -> 0.182
F218: TA | G218: 1120 | H218: 39.33551 | I218: -112.926 | J218: 1381.1 | K218: -1489.051 | L218: 4285.622 | M218: 9.437 | N218: -1489.05 | O218: 4285.619 | P218: 5.157 | Q218: 1395.69 | R218: -19.871 | S218: 0.89 | T218: =Q218+R218+S218 -> 1376.709 | U218: =$J218-$T218 -> 4.391 | V218: =($U218-$AC$4)/$AC$7 -> -0.20250723 | W218: =if(abs($V218)>3,"✔","") | X218: =$J218-$AC$4 -> 1376.548 | Y218: =T218-X218 -> 0.161
F219: TA | G219: 1121 | H219: 39.346237 | I219: -112.92594 | J219: 1389.92 | K219: -1483.48 | L219: 5476.819 | M219: 17.345 | N219: -1483.479 | O219: 5476.815 | P219: 12.325 | Q219: 1403.75 | R219: -19.85 | S219: 0.89 | T219: =Q219+R219+S219 -> 1384.79 | U219: =$J219-$T219 -> 5.13 | V219: =($U219-$AC$4)/$AC$7 -> 0.72701352 | W219: =if(abs($V219)>3,"✔","") | X219: =$J219-$AC$4 -> 1385.368 | Y219: =T219-X219 -> -0.578
F220: TA | G220: 1122 | H220: 39.357078 | I220: -112.92594 | J220: 1398.16 | K220: -1483.77 | L220: 6680.682 | M220: 24.434 | N220: -1483.769 | O220: 6680.677 | P220: 19.264 | Q220: 1411.81 | R220: -19.825 | S220: 0.89 | T220: =Q220+R220+S220 -> 1392.875 | U220: =$J220-$T220 -> 5.285 | V220: =($U220-$AC$4)/$AC$7 -> 0.92197389 | W220: =if(abs($V220)>3,"✔","") | X220: =$J220-$AC$4 -> 1393.608 | Y220: =T220-X220 -> -0.733
F221: TA | G221: 1123 | H221: 39.367958 | I221: -112.92583 | J221: 1406.42 | K221: -1473.457 | L221: 7888.879 | M221: 31.313 | N221: -1473.456 | O221: 7888.871 | P221: 24.623 | Q221: 1418.53 | R221: -19.799 | S221: 0.89 | T221: =Q221+R221+S221 -> 1399.621 | U221: =$J221-$T221 -> 6.799 | V221: =($U221-$AC$4)/$AC$7 -> 2.8262965 | W221: =if(abs($V221)>3,"✔","") | X221: =$J221-$AC$4 -> 1401.868 | Y221: =T221-X221 -> -2.247
... F521: TA | G521: 2412 | H521: 39.248663 | I521: -112.7453 | J521: 1378.75 | K521: 14110.478 | L521: -5345.712 | M521: -9.126 | N521: 14110.468 | O521: -5345.708 | P521: -13.756 | Q521: 1393.03 | R521: -19.912 | S521: 0.89 | T521: =Q521+R521+S521 -> 1374.008 | U521: =$J521-$T521 -> 4.742 | V521: =($U521-$AC$4)/$AC$7 -> 0.23898368 | W521: =if(abs($V521)>3,"✔","") | X521: =$J521-$AC$4 -> 1374.198 | Y521: =T521-X521 -> -0.19
F522: TAx4 | G522: 3612 | H522: 38.912661 | I522: -112.70512 | J522: 1434.72 | K522: 17663.901 | L522: -42648.662 | M522: -102.693 | N522: 17663.888 | O522: -42648.629 | P522: -107.563 | Q522: 1449.01 | R522: -20.16 | S522: 0.89 | T522: =$Q522+$R522+1 -> 1429.85 | U522: =$J522-$T522 -> 4.87 | V522: =($U522-$AC$4)/$AC$7 -> 0.39998322 | W522: =if(abs($V522)>3,"✔","") | X522: =$J522-$AC$4 -> 1430.168 | Y522: =T522-X522 -> -0.318
F523: TAx4 | G523: 3614 | H523: 38.91338 | I523: -112.65704 | J523: 1429.12 | K523: 21834.331 | L523: -42558.294 | M523: -120.582 | N523: 21834.314 | O523: -42558.26 | P523: -125.622 | Q523: 1443.16 | R523: -20.08 | S523: 0.89 | T523: =$Q523+$R523+1 -> 1424.08 | U523: =$J523-$T523 -> 5.04 | V523: =($U523-$AC$4)/$AC$7 -> 0.61381072 | W523: =if(abs($V523)>3,"✔","") | X523: =$J523-$AC$4 -> 1424.568 | Y523: =T523-X523 -> -0.488
F524: TAx4 | G524: 3615 | H524: 38.913687 | I524: -112.63312 | J524: 1435.89 | K524: 23909.324 | L524: -42518.204 | M524: -120.973 | N524: 23909.309 | O524: -42518.177 | P524: -124.983 | Q524: 1450.91 | R524: -20.03 | S524: 0.89 | T524: =$Q524+$R524+1 -> 1431.88 | U524: =$J524-$T524 -> 4.01 | V524: =($U524-$AC$4)/$AC$7 -> -0.6817324 | W524: =if(abs($V524)>3,"✔","") | X524: =$J524-$AC$4 -> 1431.338 | Y524: =T524-X524 -> 0.542
F525: TAx4 | G525: 3616 | H525: 39.410456 | I525: -112.96158 | J525: 1510.32 | K525: -4552.15 | L525: 12609.564 | M525: 126.157 | N525: -4552.148 | O525: 12609.558 | P525: 123.157 | Q525: 1525.98 | R525: -19.66 | S525: 0.89 | T525: =$Q525+$R525+1 -> 1507.32 | U525: =$J525-$T525 -> 3 | V525: =($U525-$AC$4)/$AC$7 -> -1.9521193 | W525: =if(abs($V525)>3,"✔","") | X525: =$J525-$AC$4 -> 1505.768 | Y525: =T525-X525 -> 1.552
F526: TAx4 | G526: 3710 | H526: 38.930722 | I526: -112.75345 | J526: 1440.54 | K526: 13467.608 | L526: -40651.586 | M526: -73.574 | N526: 13467.601 | O526: -40651.566 | P526: -76.654 | Q526: 1456.63 | R526: -20.17 | S526: 0.89 | T526: =$Q526+$R526+1 -> 1437.46 | U526: =$J526-$T526 -> 3.08 | V526: =($U526-$AC$4)/$AC$7 -> -1.8514946 | W526: =if(abs($V526)>3,"✔","") | X526: =$J526-$AC$4 -> 1435.988 | Y526: =T526-X526 -> 1.472
F527: TAx4 | G527: 3711 | H527: 38.931105 | I527: -112.72943 | J527: 1442.04 | K527: 15551.043 | L527: -40605.215 | M527: -76.51 | N527: 15551.035 | O527: -40605.194 | P527: -79.89 | Q527: 1457.82 | R527: -20.16 | S527: 0.89 | T527: =$Q527+$R527+1 -> 1438.66 | U527: =$J527-$T527 -> 3.38 | V527: =($U527-$AC$4)/$AC$7 -> -1.474152 | W527: =if(abs($V527)>3,"✔","") | X527: =$J527-$AC$4 -> 1437.488 | Y527: =T527-X527 -> 1.172
F528: TAx4 | G528: 3712 | H528: 38.931341 | I528: -112.70564 | J528: 1437.57 | K528: 17614.179 | L528: -40574.622 | M528: -86.141 | N528: 17614.165 | O528: -40574.589 | P528: -91.221 | Q528: 1451.64 | R528: -20.15 | S528: 0.89 | T528: =$Q528+$R528+1 -> 1432.49 | U528: =$J528-$T528 -> 5.08 | V528: =($U528-$AC$4)/$AC$7 -> 0.66412308 | W528: =if(abs($V528)>3,"✔","") | X528: =$J528-$AC$4 -> 1433.018 | Y528: =T528-X528 -> -0.528
F529: TAx4 | G529: 3713 | H529: 38.931796 | I529: -112.6816 | J529: 1426.12 | K529: 19699.156 | L529: -40519.069 | M529: -103.326 | N529: 19699.148 | O529: -40519.054 | P529: -105.726 | Q529: 1442.84 | R529: -20.12 | S529: 0.89 | T529: =$Q529+$R529+1 -> 1423.72 | U529: =$J529-$T529 -> 2.4 | V529: =($U529-$AC$4)/$AC$7 -> -2.7068047 | W529: =if(abs($V529)>3,"✔","") | X529: =$J529-$AC$4 -> 1421.568 | Y529: =T529-X529 -> 2.152
F530: TAx4 | G530: 3714 | H530: 38.932117 | I530: -112.65757 | J530: 1422.46 | K530: 21782.948 | L530: -40477.894 | M530: -113.49 | N530: 21782.938 | O530: -40477.875 | P530: -116.41 | Q530: 1438.62 | R530: -20.08 | S530: 0.89 | T530: =$Q530+$R530+1 -> 1419.54 | U530: =$J530-$T530 -> 2.92 | V530: =($U530-$AC$4)/$AC$7 -> -2.0527441 | W530: =if(abs($V530)>3,"✔","") | X530: =$J530-$AC$4 -> 1417.908 | Y530: =T530-X530 -> 1.632
F531: TAx4 | G531: 3715 | H531: 38.932459 | I531: -112.63352 | J531: 1426.59 | K531: 23868.472 | L531: -40433.878 | M531: -116.533 | N531: 23868.456 | O531: -40433.852 | P531: -120.712 | Q531: 1441.44 | R531: -20.03 | S531: 0.89 | T531: =$Q531+$R531+1 -> 1422.41 | U531: =$J531-$T531 -> 4.18 | V531: =($U531-$AC$4)/$AC$7 -> -0.4679049 | W531: =if(abs($V531)>3,"✔","") | X531: =$J531-$AC$4 -> 1422.038 | Y531: =T531-X531 -> 0.372
F532: TAx4 | G532: 3716 | H532: 38.932873 | I532: -112.60964 | J532: 1422.83 | K532: 25939.26 | L532: -40381.312 | M532: -128.032 | N532: 25939.241 | O532: -40381.283 | P532: -132.622 | Q532: 1437.2 | R532: -19.96 | S532: 0.89 | T532: =$Q532+$R532+1 -> 1418.24 | U532: =$J532-$T532 -> 4.59 | V532: =($U532-$AC$4)/$AC$7 -> 0.047796737 | W532: =if(abs($V532)>3,"✔","") | X532: =$J532-$AC$4 -> 1418.278 | Y532: =T532-X532 -> -0.038
F533: TAx4 | G533: 3717 | H533: 39.421135 | I533: -112.92718 | J533: 1465.82 | K533: -1589.318 | L533: 13794.198 | M533: 80.623 | N533: -1589.316 | O533: 13794.181 | P533: 72.623 | Q533: 1476.48 | R533: -19.66 | S533: 0.89 | T533: =$Q533+$R533+1 -> 1457.82 | U533: =$J533-$T533 -> 8 | V533: =($U533-$AC$4)/$AC$7 -> 4.3369249 | W533: =if(abs($V533)>3,"✔","") -> ✔ | X533: =$J533-$AC$4 -> 1461.268 | Y533: =T533-X533 -> -3.448
... F643: TAx4 | G643: 4815 | H643: 39.137661 | I643: -112.62967 | J643: 1381 | K643: 24132.824 | L643: -17647.24 | M643: -59.105 | N643: 24132.812 | O643: -17647.231 | P643: -62.125 | Q643: 1396.9 | R643: -19.92 | S643: 0.89 | T643: =$Q643+$R643+1 -> 1377.98 | U643: =$J643-$T643 -> 3.02 | V643: =($U643-$AC$4)/$AC$7 -> -1.9269632 | W643: =if(abs($V643)>3,"✔","") | X643: =$J643-$AC$4 -> 1376.448 | Y643: =T643-X643 -> 1.532
F644: TALE | G644: 5401 | H644: 39.459809 | I644: -113.00183 | J644: 1595.61 | K644: -8014.068 | L644: 18093.243 | M644: 194.812 | N644: -8014.063 | O644: 18093.231 | P644: 190.462 | Q644: 1609.77 | R644: -19.507 | S644: 0.89 | T644: =Q644+R644+S644 -> 1591.153 | U644: =$J644-$T644 -> 4.457 | V644: =($U644-$AC$4)/$AC$7 -> -0.11949184 | W644: =if(abs($V644)>3,"✔","") | X644: =$J644-$AC$4 -> 1591.058 | Y644: =T644-X644 -> 0.095
F645: TALE | G645: 5402 | H645: 39.458907 | I645: -112.99707 | J645: 1587.92 | K645: -7604.224 | L645: 17992.642 | M645: 187.908 | N645: -7604.219 | O645: 17992.63 | P645: 183.728 | Q645: 1602.25 | R645: -19.512 | S645: 0.89 | T645: =Q645+R645+S645 -> 1583.628 | U645: =$J645-$T645 -> 4.292 | V645: =($U645-$AC$4)/$AC$7 -> -0.3270303 | W645: =if(abs($V645)>3,"✔","") | X645: =$J645-$AC$4 -> 1583.368 | Y645: =T645-X645 -> 0.26
F646: TALE | G646: 5403 | H646: 39.458673 | I646: -112.99235 | J646: 1578.7 | K646: -7198.173 | L646: 17966.244 | M646: 179.233 | N646: -7198.168 | O646: 17966.232 | P646: 174.983 | Q646: 1592.96 | R646: -19.515 | S646: 0.89 | T646: =Q646+R646+S646 -> 1574.335 | U646: =$J646-$T646 -> 4.365 | V646: =($U646-$AC$4)/$AC$7 -> -0.23521026 | W646: =if(abs($V646)>3,"✔","") | X646: =$J646-$AC$4 -> 1574.148 | Y646: =T646-X646 -> 0.187
F647: TALE | G647: 5405 | H647: 39.461259 | I647: -112.98321 | J647: 1567.98 | K647: -6411.189 | L647: 18252.704 | M647: 168.536 | N647: -6411.184 | O647: 18252.689 | P647: 163.106 | Q647: 1581.07 | R647: -19.516 | S647: 0.89 | T647: =Q647+R647+S647 -> 1562.444 | U647: =$J647-$T647 -> 5.536 | V647: =($U647-$AC$4)/$AC$7 -> 1.2376839 | W647: =if(abs($V647)>3,"✔","") | X647: =$J647-$AC$4 -> 1563.428 | Y647: =T647-X647 -> -0.984
F648: TALE | G648: 5406 | H648: 39.463754 | I648: -112.97972 | J648: 1560.23 | K648: -6110.278 | L648: 18529.513 | M648: 160.281 | N648: -6110.275 | O648: 18529.501 | P648: 156.401 | Q648: 1574.86 | R648: -19.513 | S648: 0.89 | T648: =Q648+R648+S648 -> 1556.237 | U648: =$J648-$T648 -> 3.993 | V648: =($U648-$AC$4)/$AC$7 -> -0.70311515 | W648: =if(abs($V648)>3,"✔","") | X648: =$J648-$AC$4 -> 1555.678 | Y648: =T648-X648 -> 0.559
F649: TALE | G649: 5407 | H649: 39.466972 | I649: -112.9771 | J649: 1563.69 | K649: -5884.397 | L649: 18886.823 | M649: 162.902 | N649: -5884.394 | O649: 18886.811 | P649: 158.962 | Q649: 1578.26 | R649: -19.508 | S649: 0.89 | T649: =Q649+R649+S649 -> 1559.642 | U649: =$J649-$T649 -> 4.048 | V649: =($U649-$AC$4)/$AC$7 -> -0.63393566 | W649: =if(abs($V649)>3,"✔","") | X649: =$J649-$AC$4 -> 1559.138 | Y649: =T649-X649 -> 0.504
F650: TALE | G650: 5501 | H650: 39.457065 | I650: -113.00473 | J650: 1597.05 | K650: -8264.556 | L650: 17788.783 | M650: 196.791 | N650: -8264.55 | O650: 17788.771 | P650: 192.501 | Q650: 1611.27 | R650: -19.511 | S650: 0.89 | T650: =Q650+R650+S650 -> 1592.649 | U650: =$J650-$T650 -> 4.401 | V650: =($U650-$AC$4)/$AC$7 -> -0.18992914 | W650: =if(abs($V650)>3,"✔","") | X650: =$J650-$AC$4 -> 1592.498 | Y650: =T650-X650 -> 0.151
F651: TALE | G651: 5502 | H651: 39.455611 | I651: -113.00027 | J651: 1587.27 | K651: -7879.981 | L651: 17626.888 | M651: 187.948 | N651: -7879.978 | O651: 17626.881 | P651: 185.288 | Q651: 1603.13 | R651: -19.517 | S651: 0.89 | T651: =Q651+R651+S651 -> 1584.503 | U651: =$J651-$T651 -> 2.767 | V651: =($U651-$AC$4)/$AC$7 -> -2.2451888 | W651: =if(abs($V651)>3,"✔","") | X651: =$J651-$AC$4 -> 1582.718 | Y651: =T651-X651 -> 1.785
F652: TALE | G652: 5503 | H652: 39.454976 | I652: -112.99549 | J652: 1582.65 | K652: -7469.225 | L652: 17555.953 | M652: 184.017 | N652: -7469.22 | O652: 17555.941 | P652: 179.667 | Q652: 1596.82 | R652: -19.522 | S652: 0.89 | T652: =Q652+R652+S652 -> 1578.188 | U652: =$J652-$T652 -> 4.462 | V652: =($U652-$AC$4)/$AC$7 -> -0.1132028 | W652: =if(abs($V652)>3,"✔","") | X652: =$J652-$AC$4 -> 1578.098 | Y652: =T652-X652 -> 0.09
F653: TALE | G653: 5505 | H653: 39.455659 | I653: -112.98569 | J653: 1564.24 | K653: -6624.942 | L653: 17630.986 | M653: 166.331 | N653: -6624.938 | O653: 17630.976 | P653: 162.601 | Q653: 1579.04 | R653: -19.527 | S653: 0.89 | T653: =Q653+R653+S653 -> 1560.403 | U653: =$J653-$T653 -> 3.837 | V653: =($U653-$AC$4)/$AC$7 -> -0.89933333 | W653: =if(abs($V653)>3,"✔","") | X653: =$J653-$AC$4 -> 1559.688 | Y653: =T653-X653 -> 0.715
F654: TALE | G654: 5508 | H654: 39.462934 | I654: -112.97415 | J654: 1554.45 | K654: -5630.793 | L654: 18438.073 | M654: 155.207 | N654: -5630.789 | O654: 18438.059 | P654: 150.497 | Q654: 1568.26 | R654: -19.52 | S654: 0.89 | T654: =Q654+R654+S654 -> 1549.63 | U654: =$J654-$T654 -> 4.82 | V654: =($U654-$AC$4)/$AC$7 -> 0.33709277 | W654: =if(abs($V654)>3,"✔","") | X654: =$J654-$AC$4 -> 1549.898 | Y654: =T654-X654 -> -0.268
F655: TALE | G655: 5509 | H655: 39.466071 | I655: -112.9723 | J655: 1558.13 | K655: -5471.819 | L655: 18786.337 | M655: 158.006 | N655: -5471.814 | O655: 18786.321 | P655: 152.556 | Q655: 1571.19 | R655: -19.514 | S655: 0.89 | T655: =Q655+R655+S655 -> 1552.566 | U655: =$J655-$T655 -> 5.564 | V655: =($U655-$AC$4)/$AC$7 -> 1.2729026 | W655: =if(abs($V655)>3,"✔","") | X655: =$J655-$AC$4 -> 1553.578 | Y655: =T655-X655 -> -1.012
... F659: TALE | G659: 5604 | H659: 39.451132 | I659: -112.99392 | J659: 1577.28 | K659: -7334.461 | L659: 17128.929 | M659: 179.967 | N659: -7334.458 | O659: 17128.923 | P659: 177.727 | Q659: 1593.57 | R659: -19.531 | S659: 0.89 | T659: =Q659+R659+S659 -> 1574.929 | U659: =$J659-$T659 -> 2.351 | V659: =($U659-$AC$4)/$AC$7 -> -2.7684373 | W659: =if(abs($V659)>3,"✔","") | X659: =$J659-$AC$4 -> 1572.728 | Y659: =T659-X659 -> 2.201
F660: TALE | G660: 5605 | H660: 39.452092 | I660: -112.98845 | J660: 1566.01 | K660: -6863.158 | L660: 17235.078 | M660: 168.934 | N660: -6863.154 | O660: 17235.068 | P660: 165.454 | Q660: 1581.06 | R660: -19.533 | S660: 0.89 | T660: =Q660+R660+S660 -> 1562.417 | U660: =$J660-$T660 -> 3.593 | V660: =($U660-$AC$4)/$AC$7 -> -1.2062387 | W660: =if(abs($V660)>3,"✔","") | X660: =$J660-$AC$4 -> 1561.458 | Y660: =T660-X660 -> 0.959 | Z660: JAM OPUS Survey values SD5606
F661: TALE | G661: 5606 | H661: 39.452475 | I661: -112.98441 | J661: 1556.7 | K661: -6515.295 | L661: 17277.286 | M661: 159.874 | N661: -6515.293 | O661: 17277.281 | P661: 158.024 | Q661: 1573.39 | R661: -19.536 | S661: 0.89 | T661: =Q661+R661+S661 -> 1554.744 | U661: =$J661-$T661 -> 1.956 | V661: =($U661-$AC$4)/$AC$7 -> -3.2652718 | W661: =if(abs($V661)>3,"✔","") -> ✔ | X661: =$J661-$AC$4 -> 1552.148 | Y661: =T661-X661 -> 2.596 | Z661: 1551.271 | AA661: 1570.817 | AB661: 1550.555
F662: TALE | G662: 5607 | H662: 39.453924 | I662: -112.97998 | J662: 1550.48 | K662: -6133.684 | L662: 17437.872 | M662: 153.594 | N662: -6133.682 | O662: 17437.864 | P662: 150.584 | Q662: 1566.01 | R662: -19.536 | S662: 0.89 | T662: =Q662+R662+S662 -> 1547.364 | U662: =$J662-$T662 -> 3.116 | V662: =($U662-$AC$4)/$AC$7 -> -1.8062135 | W662: =if(abs($V662)>3,"✔","") | X662: =$J662-$AC$4 -> 1545.928 | Y662: =T662-X662 -> 1.436 | Z662: =Z661-Q661-R661 -> -2.583 | AA662: =AA661-Q661 -> -2.573 | AB662: =Z661-AB661 -> 0.716
F663: TALE | G663: 5608 | H663: 39.456154 | I663: -112.97582 | J663: 1553.34 | K663: -5775.106 | L663: 17685.249 | M663: 156.105 | N663: -5775.102 | O663: 17685.237 | P663: 151.555 | Q663: 1567.32 | R663: -19.534 | S663: 0.89 | T663: =Q663+R663+S663 -> 1548.676 | U663: =$J663-$T663 -> 4.664 | V663: =($U663-$AC$4)/$AC$7 -> 0.14087459 | W663: =if(abs($V663)>3,"✔","") | X663: =$J663-$AC$4 -> 1548.788 | Y663: =T663-X663 -> -0.112
F664: TALE | G664: 5609 | H664: 39.458726 | I664: -112.97244 | J664: 1553.3 | K664: -5484.528 | L664: 17970.662 | M664: 155.522 | N664: -5484.524 | O664: 17970.649 | P664: 150.792 | Q664: 1567.1 | R664: -19.531 | S664: 0.89 | T664: =Q664+R664+S664 -> 1548.459 | U664: =$J664-$T664 -> 4.841 | V664: =($U664-$AC$4)/$AC$7 -> 0.36350676 | W664: =if(abs($V664)>3,"✔","") | X664: =$J664-$AC$4 -> 1548.748 | Y664: =T664-X664 -> -0.289
F665: TALE | G665: 5610 | H665: 39.461906 | I665: -112.96951 | J665: 1545.01 | K665: -5232.054 | L665: 18323.607 | M665: 146.437 | N665: -5232.049 | O665: 18323.59 | P665: 140.707 | Q665: 1557.81 | R665: -19.526 | S665: 0.89 | T665: =Q665+R665+S665 -> 1539.174 | U665: =$J665-$T665 -> 5.836 | V665: =($U665-$AC$4)/$AC$7 -> 1.6150266 | W665: =if(abs($V665)>3,"✔","") | X665: =$J665-$AC$4 -> 1540.458 | Y665: =T665-X665 -> -1.284
F666: TALE | G666: 5611 | H666: 39.465248 | I666: -112.96748 | J666: 1545.75 | K666: -5057.154 | L666: 18694.625 | M666: 146.238 | N666: -5057.15 | O666: 18694.612 | P666: 141.798 | Q666: 1559.83 | R666: -19.521 | S666: 0.89 | T666: =Q666+R666+S666 -> 1541.199 | U666: =$J666-$T666 -> 4.551 | V666: =($U666-$AC$4)/$AC$7 -> -0.0012578089 | W666: =if(abs($V666)>3,"✔","") | X666: =$J666-$AC$4 -> 1541.198 | Y666: =T666-X666 -> 0.001
F667: TALE | G667: 5701 | H667: 39.451686 | I667: -113.01033 | J667: 1627.98 | K667: -8747.19 | L667: 17192.047 | M667: 228.719 | N667: -8747.185 | O667: 17192.036 | P667: 224.909 | Q667: 1642.69 | R667: -19.518 | S667: 0.89 | T667: =Q667+R667+S667 -> 1624.062 | U667: =$J667-$T667 -> 3.918 | V667: =($U667-$AC$4)/$AC$7 -> -0.79745082 | W667: =if(abs($V667)>3,"✔","") | X667: =$J667-$AC$4 -> 1623.428 | Y667: =T667-X667 -> 0.634
F668: TALE | G668: 5702 | H668: 39.449399 | I668: -113.0061 | J668: 1615.32 | K668: -8383.439 | L668: 16937.636 | M668: 217.229 | N668: -8383.433 | O668: 16937.624 | P668: 212.519 | Q668: 1629.14 | R668: -19.526 | S668: 0.89 | T668: =Q668+R668+S668 -> 1610.504 | U668: =$J668-$T668 -> 4.816 | V668: =($U668-$AC$4)/$AC$7 -> 0.33206154 | W668: =if(abs($V668)>3,"✔","") | X668: =$J668-$AC$4 -> 1610.768 | Y668: =T668-X668 -> -0.264
F669: TALE | G669: 5703 | H669: 39.448156 | I669: -113.00171 | J669: 1609.81 | K669: -8005.176 | L669: 16799.186 | M669: 212.571 | N669: -8005.163 | O669: 16799.158 | P669: 201.871 | Q669: 1617.64 | R669: -19.532 | S669: 0.89 | T669: =Q669+R669+S669 -> 1598.998 | U669: =$J669-$T669 -> 10.812 | V669: =($U669-$AC$4)/$AC$7 -> 7.8738835 | W669: =if(abs($V669)>3,"✔","") -> ✔ | X669: =$J669-$AC$4 -> 1605.258 | Y669: =T669-X669 -> -6.26
F670: TALE | G670: 5704 | H670: 39.447453 | I670: -112.99688 | J670: 1597.03 | K670: -7589.724 | L670: 16720.668 | M670: 200.505 | N670: -7589.72 | O670: 16720.659 | P670: 197.145 | Q670: 1612.21 | R670: -19.537 | S670: 0.89 | T670: =Q670+R670+S670 -> 1593.563 | U670: =$J670-$T670 -> 3.467 | V670: =($U670-$AC$4)/$AC$7 -> -1.3647226 | W670: =if(abs($V670)>3,"✔","") | X670: =$J670-$AC$4 -> 1592.478 | Y670: =T670-X670 -> 1.085
F671: TALE | G671: 5705 | H671: 39.447349 | I671: -112.99228 | J671: 1578.82 | K671: -7193.657 | L671: 16708.695 | M671: 182.785 | N671: -7193.653 | O671: 16708.687 | P671: 179.845 | Q671: 1594.42 | R671: -19.541 | S671: 0.89 | T671: =Q671+R671+S671 -> 1575.769 | U671: =$J671-$T671 -> 3.051 | V671: =($U671-$AC$4)/$AC$7 -> -1.8879711 | W671: =if(abs($V671)>3,"✔","") | X671: =$J671-$AC$4 -> 1574.268 | Y671: =T671-X671 -> 1.501
F672: TALE | G672: 5706 | H672: 39.447374 | I672: -112.98698 | J672: 1571.16 | K672: -6737.061 | L672: 16711.042 | M672: 175.616 | N672: -6737.057 | O672: 16711.034 | P672: 172.326 | Q672: 1586.41 | R672: -19.545 | S672: 0.89 | T672: =Q672+R672+S672 -> 1567.755 | U672: =$J672-$T672 -> 3.405 | V672: =($U672-$AC$4)/$AC$7 -> -1.4427068 | W672: =if(abs($V672)>3,"✔","") | X672: =$J672-$AC$4 -> 1566.608 | Y672: =T672-X672 -> 1.147
F673: TALE | G673: 5707 | H673: 39.448831 | I673: -112.98263 | J673: 1560.27 | K673: -6361.954 | L673: 16872.5 | M673: 164.685 | N673: -6361.951 | O673: 16872.491 | P673: 161.285 | Q673: 1575.41 | R673: -19.545 | S673: 0.89 | T673: =Q673+R673+S673 -> 1556.755 | U673: =$J673-$T673 -> 3.515 | V673: =($U673-$AC$4)/$AC$7 -> -1.3043478 | W673: =if(abs($V673)>3,"✔","") | X673: =$J673-$AC$4 -> 1555.718 | Y673: =T673-X673 -> 1.037
F674: TALE | G674: 5708 | H674: 39.449951 | I674: -112.97813 | J674: 1551.59 | K674: -5975.273 | L674: 16996.547 | M674: 156.048 | N674: -5975.268 | O674: 16996.532 | P674: 150.408 | Q674: 1564.5 | R674: -19.546 | S674: 0.89 | T674: =Q674+R674+S674 -> 1545.844 | U674: =$J674-$T674 -> 5.746 | V674: =($U674-$AC$4)/$AC$7 -> 1.5018238 | W674: =if(abs($V674)>3,"✔","") | X674: =$J674-$AC$4 -> 1547.038 | Y674: =T674-X674 -> -1.194
... F710: TALE | G710: 6116 | H710: 39.456554 | I710: -112.93527 | J710: 1489.26 | K710: -2284.876 | L710: 17727.685 | M710: 94.109 | N710: -2284.874 | O710: 17727.668 | P710: 87.739 | Q710: 1501.46 | R710: -19.574 | S710: 0.89 | T710: =Q710+R710+S710 -> 1482.776 | U710: =$J710-$T710 -> 6.484 | V710: =($U710-$AC$4)/$AC$7 -> 2.4300867 | W710: =if(abs($V710)>3,"✔","") | X710: =$J710-$AC$4 -> 1484.708 | Y710: =T710-X710 -> -1.932
F711: TAx4 | G711: 6407 | H711: 39.472843 | I711: -112.83957 | J711: 1384 | K711: 5952.508 | L711: 19538.194 | M711: -18.819 | N711: 5952.507 | O711: 19538.191 | P711: -19.749 | Q711: 1401.64 | R711: -19.57 | S711: 0.89 | T711: =$Q711+$R711+1 -> 1383.07 | U711: =$J711-$T711 -> 0.93 | V711: =($U711-$AC$4)/$AC$7 -> -4.5557837 | W711: =if(abs($V711)>3,"✔","") -> ✔ | X711: =$J711-$AC$4 -> 1379.448 | Y711: =T711-X711 -> 3.622
F712: TAx4 | G712: 6408 | H712: 39.473265 | I712: -112.8154 | J712: 1379.54 | K712: 8032.913 | L712: 19586.911 | M712: -25.706 | N712: 8032.908 | O712: 19586.898 | P712: -29.916 | Q712: 1393.9 | R712: -19.57 | S712: 0.89 | T712: =$Q712+$R712+1 -> 1375.33 | U712: =$J712-$T712 -> 4.21 | V712: =($U712-$AC$4)/$AC$7 -> -0.43017063 | W712: =if(abs($V712)>3,"✔","") | X712: =$J712-$AC$4 -> 1374.988 | Y712: =T712-X712 -> 0.342
F713: TAx4 | G713: 6409 | H713: 39.47362 | I713: -112.79089 | J713: 1376.65 | K713: 10142.219 | L713: 19628.786 | M713: -31.726 | N713: 10142.213 | O713: 19628.774 | P713: -35.705 | Q713: 1391.23 | R713: -19.56 | S713: 0.89 | T713: =$Q713+$R713+1 -> 1372.67 | U713: =$J713-$T713 -> 3.98 | V713: =($U713-$AC$4)/$AC$7 -> -0.71946667 | W713: =if(abs($V713)>3,"✔","") | X713: =$J713-$AC$4 -> 1372.098 | Y713: =T713-X713 -> 0.572
F714: TAx4 | G714: 6506 | H714: 39.491196 | I714: -112.8642 | J714: 1393.72 | K714: 3831.885 | L714: 21574.963 | M714: -14.055 | N714: 3831.883 | O714: 21574.949 | P714: -18.275 | Q714: 1408.04 | R714: -19.54 | S714: 0.89 | T714: =$Q714+$R714+1 -> 1389.5 | U714: =$J714-$T714 -> 4.22 | V714: =($U714-$AC$4)/$AC$7 -> -0.41759254 | W714: =if(abs($V714)>3,"✔","") | X714: =$J714-$AC$4 -> 1389.168 | Y714: =T714-X714 -> 0.332
F715: TAx4 | G715: 6507 | H715: 39.491559 | I715: -112.84004 | J715: 1384.07 | K715: 5910.731 | L715: 21616.542 | M715: -25.432 | N715: 5910.729 | O715: 21616.538 | P715: -26.742 | Q715: 1401.3 | R715: -19.54 | S715: 0.89 | T715: =$Q715+$R715+1 -> 1382.76 | U715: =$J715-$T715 -> 1.31 | V715: =($U715-$AC$4)/$AC$7 -> -4.0778163 | W715: =if(abs($V715)>3,"✔","") -> ✔ | X715: =$J715-$AC$4 -> 1379.518 | Y715: =T715-X715 -> 3.242
F716: TAx4 | G716: 6508 | H716: 39.492001 | I716: -112.81588 | J716: 1380.74 | K716: 7988.857 | L716: 21667.47 | M716: -31.196 | N716: 7988.853 | O716: 21667.457 | P716: -34.876 | Q716: 1395.59 | R716: -19.53 | S716: 0.89 | T716: =$Q716+$R716+1 -> 1377.06 | U716: =$J716-$T716 -> 3.68 | V716: =($U716-$AC$4)/$AC$7 -> -1.0968093 | W716: =if(abs($V716)>3,"✔","") | X716: =$J716-$AC$4 -> 1376.188 | Y716: =T716-X716 -> 0.872
F717: TAx4 | G717: 6509 | H717: 39.492343 | I717: -112.79171 | J717: 1376.92 | K717: 10068.861 | L717: 21707.848 | M717: -38.093 | N717: 10068.854 | O717: 21707.834 | P717: -42.333 | Q717: 1391.2 | R717: -19.52 | S717: 0.89 | T717: =$Q717+$R717+1 -> 1372.68 | U717: =$J717-$T717 -> 4.24 | V717: =($U717-$AC$4)/$AC$7 -> -0.39243636 | W717: =if(abs($V717)>3,"✔","") | X717: =$J717-$AC$4 -> 1372.368 | Y717: =T717-X717 -> 0.312
...

Sheet enu_okuda
A1: 106 | B1: -13575.37 | C1: -12523.793 | D1: 116.724
A2: 107 | B2: -13521.205 | C2: -11305.133 | D2: 102.381
A3: 108 | B3: -13497.552 | C3: -10126.633 | D3: 94.986
A4: 109 | B4: -13508.592 | C4: -8911.002 | D4: 99.121
A5: 110 | B5: -13525.82 | C5: -7684.028 | D5: 100.625
A6: 111 | B6: -13464.255 | C6: -6505.921 | D6: 87.888
A7: 112 | B7: -13502.569 | C7: -5307.989 | D7: 73.78
A8: 113 | B8: -13473.135 | C8: -4071.315 | D8: 66.203
A9: 114 | B9: -13502.56 | C9: -2908.282 | D9: 72.089
A10: 115 | B10: -13497.995 | C10: -1660.574 | D10: 76.117
A11: 116 | B11: -13494.477 | C11: -507.029 | D11: 90.351
A12: 205 | B12: -12295.81 | C12: -13715.383 | D12: 45.558
... A836: 7809 | B836: 9488.887 | C836: 48749.76 | D836: -46.701

Sheet enu_ned
A1: 106 | B1: -13575.363 | C1: -12523.787 | D1: 113.614
A2: 107 | B2: -13521.195 | C2: -11305.125 | D2: 97.831
A3: 108 | B3: -13497.543 | C3: -10126.627 | D3: 90.686
A4: 109 | B4: -13508.582 | C4: -8910.996 | D4: 94.721
A5: 110 | B5: -13525.811 | C5: -7684.022 | D5: 96.355
A6: 111 | B6: -13464.245 | C6: -6505.916 | D6: 83.178
A7: 112 | B7: -13502.559 | C7: -5307.985 | D7: 69.18
A8: 113 | B8: -13473.124 | C8: -4071.312 | D8: 61.003
A9: 114 | B9: -13502.548 | C9: -2908.279 | D9: 66.389
A10: 115 | B10: -13497.986 | C10: -1660.573 | D10: 72.207
A11: 116 | B11: -13494.465 | C11: -507.028 | D11: 84.541
A12: 205 | B12: -12295.799 | C12: -13715.371 | D12: 39.888
... A836: 7809 | B836: 9488.88 | C836: 48749.722 | D836: -51.691

Sheet TA_AllSites_20220124
A1: Latitude | B1: Longitude | C1: Name | K1: SN6903 | L1: =INDEX(A:A,match($K1,$C:$C,0)) -> 39.567144 | M1: =INDEX(B:B,match($K1,$C:$C,0)) -> -112.93245 | N1: BLM
A2: 39.29693 | B2: -112.90875 | C2: CLF | K2: SN6910 | L2: =INDEX(A:A,match($K2,$C:$C,0)) -> 39.567654 | M2: =INDEX(B:B,match($K2,$C:$C,0)) -> -112.76941 | N2: BLM
A3: 39.338505 | B3: -112.70089 | C3: fast_a | K3: KM7304 | L3: =INDEX(A:A,match($K3,$C:$C,0)) -> 39.64017 | M3: =INDEX(B:B,match($K3,$C:$C,0)) -> -112.91647 | N3: SITLA | O3: 250 | P3: ft
A4: 39.339457 | B4: -112.70183 | C4: INTF | K4: KM7310 | L4: =INDEX(A:A,match($K4,$C:$C,0)) -> 39.642594 | M4: =INDEX(B:B,match($K4,$C:$C,0)) -> -112.77133 | N4: SITLA | O4: 1000 | P4: ft
A5: 39.29228 | B5: -112.77308 | C5: slow_a | K5: SC4207 | L5: =INDEX(A:A,match($K5,$C:$C,0)) -> 39.023284 | M5: =INDEX(B:B,match($K5,$C:$C,0)) -> -112.82786 | N5: SITLA | O5: 380 | P5: ft
A6: 39.338417 | B6: -112.70109 | C6: slow_b | K6: SR4217 | L6: =INDEX(A:A,match($K6,$C:$C,0)) -> 39.026824 | M6: =INDEX(B:B,match($K6,$C:$C,0)) -> -112.5876 | N6: SITLA | O6: 1200 | P6: ft
A7: 39.296706 | B7: -112.90922 | C7: slow_c | K7: BF4612 | L7: =INDEX(A:A,match($K7,$C:$C,0)) -> 39.100144 | M7: =INDEX(B:B,match($K7,$C:$C,0)) -> -112.70947 | N7: BLM
A8: 39.378658 | B8: -112.88445 | C8: ta_a | K8: BF4717 | L8: =INDEX(A:A,match($K8,$C:$C,0)) -> 39.120474 | M8: =INDEX(B:B,match($K8,$C:$C,0)) -> -112.58976 | N8: SITLA | O8: 490 | P8: ft
A9: 39.389031 | B9: -112.81462 | C9: ta_b
A10: 39.189919 | B10: -112.71459 | C10: ta_c
A11: 39.472508 | B11: -112.99208 | C11: ta_d
A12: 39.281887 | B12: -113.06484 | C12: ta_e
A13: 39.206715 | B13: -113.12122 | C13: ta_f
A14: 39.140408 | B14: -112.78727 | C14: ta_g
A15: 39.216393 | B15: -112.82909 | C15: ta_h
A16: 39.248509 | B16: -112.88414 | C16: ta_i
A17: 39.291924 | B17: -112.77268 | C17: ta_j
A18: 39.338392 | B18: -112.69954 | C18: ta_k
A19: 39.469548 | B19: -113.00429 | C19: TI9001x
A20: 39.469572 | B20: -113.0043 | C20: TI9001
... A1397: 39.47866 | B1397: -112.87572 | C1397: TSFD

Sheet Sheet3
A1: A | B1: 39.29693 | C1: -112.90875 | E1: 39.338417 | F1: -112.70109 | G1: =LOOKUP(1,1/FREQUENCY(0,MMULT((B$1:C$10-E1:F1)^2,{1;1})),A$1:A$10) -> #N/A | H1: =LOOKUP(1,1/FREQUENCY(0,SIN((RADIANS(B$1:B$10-E1))/2)^2+SIN((RADIANS(C$1:C$10-F1))/2)^2*COS(RADIANS(B$1:B$10))*COS(RADIANS(E1))),A$1:A$10) -> A
A2: B | B2: 39.338505 | C2: -112.70089 | E2: 39.296706 | F2: -112.90922 | G2: =LOOKUP(1,1/FREQUENCY(0,MMULT((B$1:C$10-E2:F2)^2,{1;1})),A$1:A$10) -> #N/A | H2: =LOOKUP(1,1/FREQUENCY(0,SIN((RADIANS(B$1:B$10-E2))/2)^2+SIN((RADIANS(C$1:C$10-F2))/2)^2*COS(RADIANS(B$1:B$10))*COS(RADIANS(E2))),A$1:A$10) -> A
A3: C | B3: 39.339457 | C3: -112.70183 | E3: 39.378658 | F3: -112.88445 | G3: =LOOKUP(1,1/FREQUENCY(0,MMULT((B$1:C$10-E3:F3)^2,{1;1})),A$1:A$10) -> #N/A | H3: =LOOKUP(1,1/FREQUENCY(0,SIN((RADIANS(B$1:B$10-E3))/2)^2+SIN((RADIANS(C$1:C$10-F3))/2)^2*COS(RADIANS(B$1:B$10))*COS(RADIANS(E3))),A$1:A$10) -> A
A4: D | B4: 39.29228 | C4: -112.77308 | E4: 39.389031 | F4: -112.81462 | G4: =LOOKUP(1,1/FREQUENCY(0,MMULT((B$1:C$10-E4:F4)^2,{1;1})),A$1:A$10) -> #N/A | H4: =LOOKUP(1,1/FREQUENCY(0,SIN((RADIANS(B$1:B$10-E4))/2)^2+SIN((RADIANS(C$1:C$10-F4))/2)^2*COS(RADIANS(B$1:B$10))*COS(RADIANS(E4))),A$1:A$10) -> A
A5: E | B5: 39.338417 | C5: -112.70109 | E5: 39.189919 | F5: -112.71459 | G5: =LOOKUP(1,1/FREQUENCY(0,MMULT((B$1:C$10-E5:F5)^2,{1;1})),A$1:A$10) -> #N/A | H5: =LOOKUP(1,1/FREQUENCY(0,SIN((RADIANS(B$1:B$10-E5))/2)^2+SIN((RADIANS(C$1:C$10-F5))/2)^2*COS(RADIANS(B$1:B$10))*COS(RADIANS(E5))),A$1:A$10) -> A
A6: F | B6: 39.296706 | C6: -112.90922
A7: G | B7: 39.378658 | C7: -112.88445
A8: H | B8: 39.389031 | C8: -112.81462
A9: I | B9: 39.189919 | C9: -112.71459
A10: J | B10: 39.281887 | C10: -113.06484
